Title,Streaming On,Price
The shawshank redemption,Hulu,Premium subscription
The shawshank redemption,Starz,Subscription
The shawshank redemption,Sling TV,Premium subscription
The shawshank redemption,Amazon Prime Video,Premium subscription
The shawshank redemption,iTunes,From $3.99
The shawshank redemption,Vudu,From $3.99
The shawshank redemption,YouTube,From $14.99
The shawshank redemption,Google Play Movies & TV,From $14.99
The godfather: part ii,YouTube,From $2.99
The godfather: part ii,Google Play Movies & TV,From $2.99
The godfather: part ii,Vudu,From $2.99
The godfather: part ii,Amazon Prime Video,From $2.99
The dark knight,HBO Max,Subscription
The dark knight,YouTube,From $3.99
The dark knight,iTunes,From $3.99
The dark knight,Vudu,From $3.99
The dark knight,Amazon Prime Video,From $3.99
12 angry men,YouTube,From $3.99
12 angry men,Google Play Movies & TV,From $3.99
12 angry men,Vudu,From $3.99
12 angry men,iTunes,From $3.99
12 angry men,Amazon Prime Video,From $3.99
Schindler's list,Netflix,Subscription
Schindler's list,YouTube,From $3.99
Schindler's list,Google Play Movies & TV,From $3.99
Schindler's list,Vudu,From $3.99
Schindler's list,iTunes,From $3.99
Schindler's list,Amazon Prime Video,From $3.99
The lord of the rings: the return of the king,HBO Max,Subscription
The lord of the rings: the return of the king,YouTube,From $3.99
The lord of the rings: the return of the king,iTunes,From $3.99
The lord of the rings: the return of the king,Google Play Movies & TV,From $3.99
The lord of the rings: the return of the king,Vudu,From $3.99
The lord of the rings: the return of the king,Amazon Prime Video,From $3.99
Pulp fiction,Hulu,Premium subscription
Pulp fiction,Starz,Subscription
Pulp fiction,Sling TV,Premium subscription
Pulp fiction,Amazon Prime Video,Premium subscription
Pulp fiction,YouTube,From $2.99
Pulp fiction,Google Play Movies & TV,From $2.99
Pulp fiction,iTunes,From $3.99
Pulp fiction,Vudu,From $3.99
"The good, the bad and the ugly",Netflix,Subscription
"The good, the bad and the ugly",YouTube,From $3.99
"The good, the bad and the ugly",iTunes,From $3.99
"The good, the bad and the ugly",Google Play Movies & TV,From $3.99
"The good, the bad and the ugly",Vudu,From $3.99
"The good, the bad and the ugly",Amazon Prime Video,From $3.99
The lord of the rings: the fellowship of the ring,HBO Max,Subscription
The lord of the rings: the fellowship of the ring,Vudu,From $2.99
The lord of the rings: the fellowship of the ring,Amazon Prime Video,From $2.99
The lord of the rings: the fellowship of the ring,YouTube,From $3.99
The lord of the rings: the fellowship of the ring,iTunes,From $3.99
The lord of the rings: the fellowship of the ring,Google Play Movies & TV,From $3.99
Fight club,Hulu,Premium subscription
Fight club,HBO Max,Subscription
Fight club,Amazon Prime Video,Premium subscription
Fight club,YouTube,From $3.99
Fight club,Google Play Movies & TV,From $3.99
Fight club,Vudu,From $3.99
Fight club,HBO Go,Subscription
Forrest gump,Hulu,Premium subscription
Forrest gump,Starz,Subscription
Forrest gump,Sling TV,Premium subscription
Forrest gump,Amazon Prime Video,Premium subscription
Forrest gump,YouTube,From $2.99
Forrest gump,Vudu,From $2.99
Forrest gump,Google Play Movies & TV,From $2.99
Forrest gump,iTunes,From $3.99
Inception,Amazon Prime Video,Subscription
Inception,YouTube,From $3.99
Inception,iTunes,From $3.99
Inception,Vudu,From $3.99
Inception,Google Play Movies & TV,From $3.99
Star wars: episode v - the empire strikes back,Disney+,Subscription
Star wars: episode v - the empire strikes back,YouTube,From $2.99
Star wars: episode v - the empire strikes back,Amazon Prime Video,From $2.99
Star wars: episode v - the empire strikes back,Google Play Movies & TV,From $3.99
Star wars: episode v - the empire strikes back,iTunes,From $19.99
Star wars: episode v - the empire strikes back,Vudu,From $19.99
The lord of the rings: the two towers,HBO Max,Subscription
The lord of the rings: the two towers,iTunes,From $3.99
The lord of the rings: the two towers,Google Play Movies & TV,From $3.99
The lord of the rings: the two towers,Vudu,From $3.99
The lord of the rings: the two towers,Amazon Prime Video,From $3.99
The matrix,YouTube,From $3.99
The matrix,iTunes,From $3.99
The matrix,Vudu,From $3.99
The matrix,Google Play Movies & TV,From $3.99
The matrix,Amazon Prime Video,From $3.99
Goodfellas,YouTube,From $3.99
Goodfellas,Google Play Movies & TV,From $3.99
Goodfellas,Vudu,From $3.99
Goodfellas,iTunes,From $3.99
Goodfellas,Amazon Prime Video,From $3.99
One flew over the cuckoo's nest,YouTube,From $3.99
One flew over the cuckoo's nest,Vudu,From $3.99
One flew over the cuckoo's nest,iTunes,From $3.99
One flew over the cuckoo's nest,Google Play Movies & TV,From $3.99
One flew over the cuckoo's nest,Amazon Prime Video,From $3.99
Seven samurai,HBO Max,Subscription
Seven samurai,YouTube,From $2.99
Seven samurai,Vudu,From $2.99
Seven samurai,Google Play Movies & TV,From $2.99
Seven samurai,Amazon Prime Video,From $2.99
Seven samurai,iTunes,From $3.99
Se7en,Amazon Prime Video,From $2.99
Se7en,YouTube,From $3.99
Se7en,iTunes,From $3.99
Se7en,Google Play Movies & TV,From $3.99
Se7en,Vudu,From $3.99
Life is beautiful,Hulu,Premium subscription
Life is beautiful,HBO Max,Subscription
Life is beautiful,Amazon Prime Video,Premium subscription
Life is beautiful,YouTube,From $2.99
Life is beautiful,Google Play Movies & TV,From $2.99
Life is beautiful,iTunes,From $3.99
Life is beautiful,Vudu,From $3.99
Life is beautiful,HBO Go,Subscription
City of god,Amazon Prime Video,From $2.99
City of god,iTunes,From $3.99
City of god,Vudu,From $3.99
City of god,YouTube,From $12.99
City of god,Google Play Movies & TV,From $12.99
The silence of the lambs,Netflix,Subscription
The silence of the lambs,Sling TV,Premium subscription
The silence of the lambs,fuboTV,Premium subscription
The silence of the lambs,Amazon Prime Video,Subscription
The silence of the lambs,Philo,Premium subscription
The silence of the lambs,YouTube,From $3.99
The silence of the lambs,Google Play Movies & TV,From $3.99
The silence of the lambs,iTunes,From $3.99
The silence of the lambs,Vudu,From $3.99
The silence of the lambs,AMC,Free with cable TV
It's a wonderful life,Amazon Prime Video,Subscription
It's a wonderful life,YouTube,From $2.99
It's a wonderful life,Google Play Movies & TV,From $2.99
It's a wonderful life,Vudu,From $2.99
It's a wonderful life,iTunes,From $12.99
Star wars: episode iv - a new hope,Disney+,Subscription
Star wars: episode iv - a new hope,YouTube,From $3.99
Star wars: episode iv - a new hope,Google Play Movies & TV,From $3.99
Star wars: episode iv - a new hope,iTunes,From $19.99
Star wars: episode iv - a new hope,Vudu,From $19.99
Star wars: episode iv - a new hope,Amazon Prime Video,From $19.99
Saving private ryan,Hulu,Premium subscription
Saving private ryan,HBO Max,Subscription
Saving private ryan,Sling TV,Premium subscription
Saving private ryan,YouTube,From $2.99
Saving private ryan,Google Play Movies & TV,From $2.99
Saving private ryan,Vudu,From $2.99
Saving private ryan,Amazon Prime Video,From $2.99
Saving private ryan,iTunes,From $3.99
Saving private ryan,TBS,Free with cable TV
Saving private ryan,TNT,Free with cable TV
Spirited away,HBO Max,Subscription
Spirited away,YouTube,From $11.99
Spirited away,Google Play Movies & TV,From $11.99
Spirited away,Vudu,$11.99
Spirited away,Amazon Prime Video,From $11.99
The green mile,Cinemax,Subscription
The green mile,YouTube,From $3.99
The green mile,Google Play Movies & TV,From $3.99
The green mile,iTunes,From $3.99
The green mile,Vudu,From $3.99
The green mile,Amazon Prime Video,From $3.99
Parasite,Hulu,Premium subscription
Parasite,YouTube,From $3.99
Parasite,Google Play Movies & TV,From $3.99
Parasite,Amazon Prime Video,From $3.99
Parasite,Vudu,From $5.99
Interstellar,Hulu,Premium subscription
Interstellar,Sling TV,Premium subscription
Interstellar,YouTube,From $2.99
Interstellar,Google Play Movies & TV,From $2.99
Interstellar,Vudu,From $2.99
Interstellar,Amazon Prime Video,From $2.99
Interstellar,iTunes,From $3.99
Hamilton,Disney+,Subscription
Léon: the professional,Hulu,Premium subscription
Léon: the professional,Sling TV,Premium subscription
Léon: the professional,Amazon Prime Video,Premium subscription
Léon: the professional,Showtime,Subscription
Léon: the professional,Vudu,From $2.99
Léon: the professional,YouTube,From $9.99
Léon: the professional,Google Play Movies & TV,From $9.99
Léon: the professional,ShowtimeAnytime,Subscription
The usual suspects,Amazon Prime Video,Subscription
The usual suspects,iTunes,From $3.99
The usual suspects,Vudu,From $3.99
Harakiri,iTunes,From $3.99
Harakiri,Amazon Prime Video,From $3.99
The lion king,Disney+,Subscription
The lion king,Amazon Prime Video,From $2.99
The lion king,YouTube,From $3.99
The lion king,Google Play Movies & TV,From $3.99
The lion king,Vudu,From $3.99
Back to the future,YouTube,From $3.99
Back to the future,iTunes,From $3.99
Back to the future,Vudu,From $3.99
Back to the future,Google Play Movies & TV,From $3.99
Back to the future,Amazon Prime Video,From $3.99
The pianist,YouTube,From $3.99
The pianist,iTunes,From $3.99
The pianist,Google Play Movies & TV,From $3.99
The pianist,Vudu,$3.99
The pianist,Amazon Prime Video,$3.99
Terminator 2: judgment day,Hulu,Premium subscription
Terminator 2: judgment day,Sling TV,Premium subscription
Terminator 2: judgment day,Amazon Prime Video,Premium subscription
Terminator 2: judgment day,Showtime,Subscription
Terminator 2: judgment day,YouTube,From $2.99
Terminator 2: judgment day,Google Play Movies & TV,From $2.99
Terminator 2: judgment day,Vudu,From $2.99
Terminator 2: judgment day,iTunes,From $3.99
Terminator 2: judgment day,ShowtimeAnytime,Subscription
American history x,iTunes,From $3.99
American history x,Google Play Movies & TV,From $3.99
American history x,Vudu,From $3.99
American history x,Amazon Prime Video,From $3.99
Modern times,HBO Max,Subscription
Modern times,Amazon Prime Video,From $3.99
Psycho,YouTube,From $3.99
Psycho,iTunes,From $3.99
Psycho,Google Play Movies & TV,From $3.99
Psycho,Vudu,From $3.99
Psycho,Amazon Prime Video,From $3.99
Gladiator,Sling TV,Premium subscription
Gladiator,fuboTV,Premium subscription
Gladiator,Philo,Premium subscription
Gladiator,YouTube,From $2.99
Gladiator,Google Play Movies & TV,From $2.99
Gladiator,Vudu,From $2.99
Gladiator,Amazon Prime Video,From $2.99
Gladiator,iTunes,From $3.99
Gladiator,AMC,Free with cable TV
City lights,Hulu,Premium subscription
City lights,HBO Max,Subscription
City lights,Sling TV,Premium subscription
City lights,YouTube,From $2.99
City lights,Google Play Movies & TV,From $2.99
City lights,Vudu,From $2.99
City lights,Amazon Prime Video,From $2.99
The departed,HBO Max,Subscription
The departed,YouTube,From $3.99
The departed,iTunes,From $3.99
The departed,Google Play Movies & TV,From $3.99
The departed,Vudu,From $3.99
The departed,Amazon Prime Video,From $3.99
The intouchables,Tubi,Free
The intouchables,Vudu,Free
The intouchables,iTunes,From $3.99
Whiplash,Vudu,From $2.99
Whiplash,Amazon Prime Video,From $2.99
Whiplash,YouTube,From $3.99
Whiplash,iTunes,From $3.99
Whiplash,Google Play Movies & TV,From $3.99
The prestige,YouTube,From $2.99
The prestige,iTunes,From $2.99
The prestige,Vudu,From $3.99
The prestige,Google Play Movies & TV,From $3.99
The prestige,Amazon Prime Video,From $3.99
Grave of the fireflies,Hulu,Subscription
Grave of the fireflies,Vudu,From $2.99
Grave of the fireflies,iTunes,From $3.99
Once upon a time in the west,Pluto TV,Free
Once upon a time in the west,HBO Max,Subscription
Once upon a time in the west,Amazon Prime Video,Subscription
Once upon a time in the west,YouTube,From $2.99
Once upon a time in the west,Google Play Movies & TV,From $2.99
Once upon a time in the west,Vudu,From $2.99
Once upon a time in the west,iTunes,From $3.99
Casablanca,HBO Max,Subscription
Casablanca,Amazon Prime Video,From $2.99
Casablanca,YouTube,From $3.99
Casablanca,iTunes,From $3.99
Casablanca,Google Play Movies & TV,From $3.99
Casablanca,Vudu,From $3.99
Cinema paradiso,Hulu,Premium subscription
Cinema paradiso,HBO Max,Subscription
Cinema paradiso,Amazon Prime Video,Premium subscription
Cinema paradiso,iTunes,From $3.99
Cinema paradiso,HBO Go,Subscription
Rear window,YouTube,From $3.99
Rear window,iTunes,From $3.99
Rear window,Vudu,From $3.99
Rear window,Google Play Movies & TV,From $3.99
Rear window,Amazon Prime Video,From $3.99
Alien,Hulu,Premium subscription
Alien,HBO Max,Subscription
Alien,Amazon Prime Video,Premium subscription
Alien,Cinemax,Subscription
Alien,YouTube,From $3.99
Alien,iTunes,From $3.99
Alien,Google Play Movies & TV,From $3.99
Alien,Vudu,From $3.99
Alien,HBO Go,Subscription
Apocalypse now,Hulu,Premium subscription
Apocalypse now,HBO Max,Subscription
Apocalypse now,YouTube,From $3.99
Apocalypse now,iTunes,From $3.99
Apocalypse now,Vudu,From $3.99
Apocalypse now,Google Play Movies & TV,From $3.99
Apocalypse now,HBO Go,Subscription
Memento,Tubi,Free
Memento,Pluto TV,Free
Memento,Amazon Prime Video,Premium subscription
Memento,YouTube,From $2.99
Memento,Vudu,From $2.99
Memento,Google Play Movies & TV,From $2.99
Raiders of the lost ark,Netflix,Subscription
Raiders of the lost ark,YouTube,From $2.99
Raiders of the lost ark,Google Play Movies & TV,From $2.99
Raiders of the lost ark,Vudu,From $2.99
Raiders of the lost ark,Amazon Prime Video,From $2.99
Raiders of the lost ark,iTunes,From $3.99
The great dictator,Hulu,Premium subscription
The great dictator,HBO Max,Subscription
The great dictator,Sling TV,Premium subscription
The great dictator,Amazon Prime Video,From $3.99
Joker,Hulu,Premium subscription
Joker,HBO Max,Subscription
Joker,Amazon Prime Video,Premium subscription
Joker,Vudu,From $5.99
Joker,YouTube,From $9.99
Joker,Google Play Movies & TV,From $9.99
Joker,HBO Go,Subscription
Django unchained,Netflix,Subscription
Django unchained,YouTube,From $3.99
Django unchained,Google Play Movies & TV,From $3.99
Django unchained,iTunes,From $3.99
Django unchained,Vudu,From $3.99
Django unchained,Amazon Prime Video,From $3.99
The lives of others,Vudu,From $2.99
The lives of others,Amazon Prime Video,From $2.99
The lives of others,YouTube,From $3.99
The lives of others,iTunes,From $3.99
The lives of others,Google Play Movies & TV,From $3.99
Paths of glory,YouTube,From $3.99
Paths of glory,iTunes,From $3.99
Paths of glory,Google Play Movies & TV,From $3.99
Paths of glory,Vudu,From $3.99
Paths of glory,Amazon Prime Video,From $3.99
The shining,Hulu,Premium subscription
The shining,Sling TV,Premium subscription
The shining,Amazon Prime Video,Premium subscription
The shining,YouTube,From $3.99
The shining,Google Play Movies & TV,From $3.99
The shining,Vudu,From $3.99
The shining,iTunes,From $3.99
Wall·e,Disney+,Subscription
Wall·e,Amazon Prime Video,From $2.99
Wall·e,YouTube,From $3.99
Wall·e,Google Play Movies & TV,From $3.99
Wall·e,Vudu,From $3.99
Avengers: infinity war,Disney+,Subscription
Avengers: infinity war,Amazon Prime Video,From $2.99
Avengers: infinity war,Google Play Movies & TV,From $3.99
Avengers: infinity war,YouTube,From $3.99
Avengers: infinity war,Vudu,From $3.99
Sunset blvd,Pluto TV,Free
Sunset blvd,Amazon Prime Video,Subscription
Sunset blvd,YouTube,From $2.99
Sunset blvd,Google Play Movies & TV,From $2.99
Sunset blvd,Vudu,From $2.99
Sunset blvd,iTunes,From $3.99
Princess mononoke,HBO Max,Subscription
Princess mononoke,YouTube,From $11.99
Princess mononoke,Google Play Movies & TV,From $11.99
Princess mononoke,Vudu,$11.99
Princess mononoke,Amazon Prime Video,From $11.99
Witness for the prosecution,YouTube,Free
Witness for the prosecution,Amazon Prime Video,Subscription
Witness for the prosecution,iTunes,From $3.99
Witness for the prosecution,Google Play Movies & TV,From $3.99
Witness for the prosecution,Vudu,From $3.99
Spider-man: into the spider-verse,Netflix,Subscription
Spider-man: into the spider-verse,Amazon Prime Video,From $2.99
Spider-man: into the spider-verse,Google Play Movies & TV,From $3.99
Spider-man: into the spider-verse,YouTube,From $3.99
Oldboy,Vudu,Free
Oldboy,Amazon Prime Video,Premium subscription
The dark knight rises,YouTube,From $3.99
The dark knight rises,Vudu,From $3.99
The dark knight rises,iTunes,From $3.99
The dark knight rises,Google Play Movies & TV,From $3.99
The dark knight rises,Amazon Prime Video,From $3.99
Once upon a time in america,YouTube,From $3.99
Once upon a time in america,iTunes,From $3.99
Once upon a time in america,Google Play Movies & TV,From $3.99
Once upon a time in america,Vudu,From $3.99
Avengers: endgame,Disney+,Subscription
Avengers: endgame,Amazon Prime Video,From $2.99
Avengers: endgame,YouTube,From $3.99
Avengers: endgame,Google Play Movies & TV,From $3.99
Avengers: endgame,Vudu,From $3.99
Aliens,Hulu,Premium subscription
Aliens,HBO Max,Subscription
Aliens,Amazon Prime Video,Premium subscription
Aliens,Cinemax,Subscription
Aliens,YouTube,From $3.99
Aliens,iTunes,From $3.99
Aliens,Google Play Movies & TV,From $3.99
Aliens,Vudu,From $3.99
Aliens,HBO Go,Subscription
Your name,Vudu,From $2.99
Your name,YouTube,From $3.99
Your name,Google Play Movies & TV,From $3.99
Coco,Disney+,Subscription
Coco,Amazon Prime Video,From $2.99
Coco,YouTube,From $3.99
Coco,Google Play Movies & TV,From $3.99
Coco,Vudu,From $3.99
American beauty,Hulu,Premium subscription
American beauty,Amazon Prime Video,Premium subscription
American beauty,YouTube,From $2.99
American beauty,Google Play Movies & TV,From $2.99
American beauty,Vudu,From $2.99
American beauty,iTunes,From $3.99
Braveheart,Sling TV,Premium subscription
Braveheart,fuboTV,Premium subscription
Braveheart,Philo,Premium subscription
Braveheart,YouTube,From $2.99
Braveheart,Google Play Movies & TV,From $2.99
Braveheart,Vudu,From $2.99
Braveheart,Amazon Prime Video,From $2.99
Braveheart,iTunes,From $3.99
Braveheart,AMC,Free with cable TV
3 idiots,Netflix,Subscription
3 idiots,Sling TV,Premium subscription
3 idiots,Amazon Prime Video,Subscription
Das boot,Vudu,From $2.99
Das boot,Amazon Prime Video,From $2.99
Das boot,YouTube,From $3.99
Das boot,iTunes,From $3.99
High and low,iTunes,From $3.99
High and low,Amazon Prime Video,From $3.99
Amadeus,YouTube,From $3.99
Amadeus,Vudu,From $3.99
Amadeus,iTunes,From $3.99
Amadeus,Amazon Prime Video,From $3.99
Taare zameen par,Netflix,Subscription
Taare zameen par,Sling TV,Premium subscription
Star wars: episode vi - return of the jedi,Disney+,Subscription
Star wars: episode vi - return of the jedi,YouTube,From $2.99
Star wars: episode vi - return of the jedi,Amazon Prime Video,From $2.99
Star wars: episode vi - return of the jedi,Google Play Movies & TV,From $3.99
Star wars: episode vi - return of the jedi,iTunes,From $19.99
Star wars: episode vi - return of the jedi,Vudu,From $19.99
Inglourious basterds,Sling TV,Premium subscription
Inglourious basterds,fuboTV,Premium subscription
Inglourious basterds,Philo,Premium subscription
Inglourious basterds,YouTube,From $3.99
Inglourious basterds,iTunes,From $3.99
Inglourious basterds,Google Play Movies & TV,From $3.99
Inglourious basterds,Vudu,From $3.99
Inglourious basterds,Amazon Prime Video,From $3.99
Reservoir dogs,YouTube,From $3.99
Reservoir dogs,iTunes,From $3.99
Reservoir dogs,Google Play Movies & TV,From $3.99
Reservoir dogs,Vudu,From $3.99
Reservoir dogs,Amazon Prime Video,From $3.99
Good will hunting,HBO Max,Subscription
Good will hunting,Sling TV,Premium subscription
Good will hunting,Showtime,Subscription
Good will hunting,YouTube,From $2.99
Good will hunting,Google Play Movies & TV,From $2.99
Good will hunting,Amazon Prime Video,From $2.99
Good will hunting,iTunes,From $3.99
Good will hunting,Vudu,From $3.99
Good will hunting,ShowtimeAnytime,Subscription
Capharnaüm,Hulu,Premium subscription
Capharnaüm,Sling TV,Premium subscription
Capharnaüm,Starz,Subscription
Capharnaüm,Amazon Prime Video,Premium subscription
Capharnaüm,YouTube,From $12.99
Capharnaüm,Google Play Movies & TV,From $12.99
Capharnaüm,Vudu,$13.99
2001: a space odyssey,HBO Max,Subscription
2001: a space odyssey,YouTube,From $3.99
2001: a space odyssey,iTunes,From $3.99
2001: a space odyssey,Google Play Movies & TV,From $3.99
2001: a space odyssey,Vudu,From $3.99
2001: a space odyssey,Amazon Prime Video,From $3.99
Requiem for a dream,Hulu,Premium subscription
Requiem for a dream,HBO Max,Subscription
Requiem for a dream,Amazon Prime Video,Premium subscription
Requiem for a dream,YouTube,From $3.99
Requiem for a dream,iTunes,From $3.99
Requiem for a dream,Vudu,From $3.99
Requiem for a dream,HBO Go,Subscription
Dangal,Netflix,Subscription
1917,YouTube,From $5.99
1917,Vudu,From $5.99
1917,Google Play Movies & TV,From $5.99
1917,Amazon Prime Video,From $5.99
Eternal sunshine of the spotless mind,Netflix,Subscription
Eternal sunshine of the spotless mind,YouTube,From $3.99
Eternal sunshine of the spotless mind,Google Play Movies & TV,From $3.99
Eternal sunshine of the spotless mind,iTunes,From $3.99
Eternal sunshine of the spotless mind,Vudu,From $3.99
Eternal sunshine of the spotless mind,Amazon Prime Video,From $3.99
The hunt,YouTube,From $5.99
The hunt,Google Play Movies & TV,From $5.99
The hunt,Amazon Prime Video,From $5.99
Citizen kane,HBO Max,Subscription
Citizen kane,Amazon Prime Video,From $2.99
Citizen kane,YouTube,From $3.99
Citizen kane,iTunes,From $3.99
Citizen kane,Google Play Movies & TV,From $3.99
Citizen kane,Vudu,From $3.99
Full metal jacket,HBO Max,Subscription
Full metal jacket,Amazon Prime Video,From $2.99
Full metal jacket,YouTube,From $3.99
Full metal jacket,Vudu,From $3.99
Full metal jacket,Google Play Movies & TV,From $3.99
Bicycle thieves,HBO Max,Subscription
Bicycle thieves,YouTube,From $2.99
Bicycle thieves,Google Play Movies & TV,From $2.99
Bicycle thieves,Vudu,From $2.99
Bicycle thieves,Amazon Prime Video,From $2.99
Bicycle thieves,iTunes,From $3.99
The kid,Hulu,Subscription
The kid,Sling TV,Premium subscription
The kid,Amazon Prime Video,Subscription
The kid,YouTube,From $9.99
The kid,Google Play Movies & TV,From $9.99
A clockwork orange,Hulu,Premium subscription
A clockwork orange,Sling TV,Premium subscription
A clockwork orange,Amazon Prime Video,Premium subscription
A clockwork orange,Showtime,Subscription
A clockwork orange,YouTube,From $3.99
A clockwork orange,Google Play Movies & TV,From $3.99
A clockwork orange,iTunes,From $3.99
A clockwork orange,Vudu,From $3.99
A clockwork orange,ShowtimeAnytime,Subscription
North by northwest,HBO Max,Subscription
North by northwest,YouTube,From $3.99
North by northwest,iTunes,From $3.99
North by northwest,Vudu,From $3.99
North by northwest,Google Play Movies & TV,From $3.99
North by northwest,Amazon Prime Video,From $3.99
Snatch,Hulu,Premium subscription
Snatch,Sling TV,Premium subscription
Snatch,Starz,Subscription
Snatch,Amazon Prime Video,Premium subscription
Snatch,Vudu,From $2.99
Snatch,YouTube,From $3.99
Snatch,iTunes,From $3.99
Snatch,Google Play Movies & TV,From $3.99
Singin' in the rain,HBO Max,Subscription
Singin' in the rain,YouTube,From $3.99
Singin' in the rain,Google Play Movies & TV,From $3.99
Singin' in the rain,iTunes,From $3.99
Singin' in the rain,Vudu,From $3.99
Singin' in the rain,Amazon Prime Video,From $3.99
Scarface,Sling TV,Premium subscription
Scarface,fuboTV,Premium subscription
Scarface,Philo,Premium subscription
Scarface,YouTube,From $3.99
Scarface,Vudu,From $3.99
Scarface,iTunes,From $3.99
Scarface,Amazon Prime Video,From $3.99
Scarface,AMC,Free with cable TV
Taxi driver,Netflix,Subscription
Taxi driver,Amazon Prime Video,Premium subscription
Taxi driver,Vudu,From $2.99
Taxi driver,YouTube,From $3.99
Taxi driver,iTunes,From $3.99
Taxi driver,Google Play Movies & TV,From $3.99
Amélie,Hulu,Premium subscription
Amélie,HBO Max,Subscription
Amélie,Amazon Prime Video,Premium subscription
Amélie,iTunes,From $3.99
Amélie,HBO Go,Subscription
Lawrence of arabia,Vudu,From $2.99
Lawrence of arabia,Amazon Prime Video,From $2.99
Lawrence of arabia,YouTube,From $3.99
Lawrence of arabia,iTunes,From $3.99
Ikiru,HBO Max,Subscription
Ikiru,YouTube,From $2.99
Ikiru,Google Play Movies & TV,From $2.99
Ikiru,Vudu,From $2.99
Ikiru,Amazon Prime Video,From $2.99
Ikiru,iTunes,From $3.99
Toy story 3,Disney+,Subscription
Toy story 3,iTunes,From $2.99
Toy story 3,Amazon Prime Video,From $2.99
Toy story 3,YouTube,From $3.99
Toy story 3,Google Play Movies & TV,From $3.99
Toy story 3,Vudu,From $3.99
The sting,YouTube,From $3.99
The sting,iTunes,From $3.99
The sting,Google Play Movies & TV,From $3.99
The sting,Vudu,From $3.99
The sting,Amazon Prime Video,From $3.99
Metropolis,Amazon Prime Video,Premium subscription
Metropolis,YouTube,From $2.99
Metropolis,Google Play Movies & TV,From $2.99
A separation,Amazon Prime Video,From $0.99
A separation,Vudu,From $2.99
A separation,YouTube,From $3.99
A separation,iTunes,From $3.99
A separation,Google Play Movies & TV,From $3.99
For a few dollars more,Amazon Prime Video,Subscription
For a few dollars more,YouTube,From $3.99
For a few dollars more,iTunes,From $3.99
For a few dollars more,Google Play Movies & TV,From $3.99
For a few dollars more,Vudu,From $3.99
Incendies,Vudu,From $2.99
Incendies,Amazon Prime Video,From $2.99
Incendies,YouTube,From $3.99
Incendies,iTunes,From $3.99
Incendies,Google Play Movies & TV,From $3.99
The apartment,Amazon Prime Video,Subscription
The apartment,YouTube,From $3.99
The apartment,iTunes,From $3.99
The apartment,Google Play Movies & TV,From $3.99
The apartment,Vudu,From $3.99
Double indemnity,YouTube,From $3.99
Double indemnity,iTunes,From $3.99
Double indemnity,Google Play Movies & TV,From $3.99
Double indemnity,Vudu,From $3.99
Double indemnity,Amazon Prime Video,From $3.99
Come and see,Vudu,$2.00
Indiana jones and the last crusade,Netflix,Subscription
Indiana jones and the last crusade,YouTube,From $2.99
Indiana jones and the last crusade,Google Play Movies & TV,From $2.99
Indiana jones and the last crusade,Vudu,From $2.99
Indiana jones and the last crusade,Amazon Prime Video,From $2.99
Indiana jones and the last crusade,iTunes,From $3.99
Up,Disney+,Subscription
Up,iTunes,From $2.99
Up,Amazon Prime Video,From $2.99
Up,YouTube,From $3.99
Up,Google Play Movies & TV,From $3.99
Up,Vudu,From $3.99
Heat,YouTube,From $3.99
Heat,Google Play Movies & TV,From $3.99
Heat,iTunes,From $3.99
Heat,Vudu,From $3.99
Heat,Amazon Prime Video,From $3.99
Monty python and the holy grail,Netflix,Subscription
Monty python and the holy grail,iTunes,From $3.99
Monty python and the holy grail,Amazon Prime Video,From $3.99
Monty python and the holy grail,YouTube,From $12.99
Monty python and the holy grail,Google Play Movies & TV,From $12.99
Die hard,Hulu,Premium subscription
Die hard,HBO Max,Subscription
Die hard,Amazon Prime Video,Premium subscription
Die hard,Cinemax,Subscription
Die hard,YouTube,From $3.99
Die hard,Vudu,From $3.99
Die hard,iTunes,From $3.99
Die hard,Google Play Movies & TV,From $3.99
Die hard,HBO Go,Subscription
Rashômon,HBO Max,Subscription
Rashômon,iTunes,From $3.99
Rashômon,Amazon Prime Video,From $3.99
Anand,Amazon Prime Video,Subscription
Yojimbo,HBO Max,Subscription
Yojimbo,iTunes,From $3.99
Yojimbo,Amazon Prime Video,From $3.99
Batman begins,HBO Max,Subscription
Batman begins,YouTube,From $3.99
Batman begins,iTunes,From $3.99
Batman begins,Vudu,From $3.99
Batman begins,Google Play Movies & TV,From $3.99
Batman begins,Amazon Prime Video,From $3.99
Green book,Hulu,Premium subscription
Green book,Sling TV,Premium subscription
Green book,Amazon Prime Video,Premium subscription
Green book,Showtime,Subscription
Green book,Vudu,From $5.99
Green book,YouTube,From $14.99
Green book,Google Play Movies & TV,From $14.99
Green book,ShowtimeAnytime,Subscription
Downfall,Amazon Prime Video,Subscription
Downfall,Vudu,From $2.99
Children of heaven,YouTube,From $2.99
Children of heaven,Google Play Movies & TV,From $2.99
Children of heaven,Amazon Prime Video,From $2.99
Children of heaven,Vudu,From $3.99
Unforgiven,HBO Max,Subscription
Unforgiven,YouTube,From $3.99
Unforgiven,iTunes,From $3.99
Unforgiven,Google Play Movies & TV,From $3.99
Unforgiven,Vudu,From $3.99
Unforgiven,Amazon Prime Video,From $3.99
Some like it hot,Hulu,Premium subscription
Some like it hot,Sling TV,Premium subscription
Some like it hot,YouTube,From $3.99
Some like it hot,iTunes,From $3.99
Some like it hot,Google Play Movies & TV,From $3.99
Some like it hot,Vudu,From $3.99
Some like it hot,Amazon Prime Video,From $3.99
Ran,YouTube,From $3.99
Ran,iTunes,From $3.99
Ran,Google Play Movies & TV,From $3.99
Ran,Vudu,From $3.99
Ran,Amazon Prime Video,From $3.99
Howl's moving castle,HBO Max,Subscription
Howl's moving castle,YouTube,From $11.99
Howl's moving castle,Google Play Movies & TV,From $11.99
Howl's moving castle,Vudu,$11.99
Howl's moving castle,Amazon Prime Video,From $11.99
A beautiful mind,Hulu,Premium subscription
A beautiful mind,Starz,Subscription
A beautiful mind,Sling TV,Premium subscription
A beautiful mind,Amazon Prime Video,Premium subscription
A beautiful mind,YouTube,From $3.99
A beautiful mind,Google Play Movies & TV,From $3.99
A beautiful mind,iTunes,From $3.99
A beautiful mind,Vudu,From $3.99
The great escape,Hulu,Premium subscription
The great escape,YouTube,From $3.99
The great escape,iTunes,From $3.99
The great escape,Google Play Movies & TV,From $3.99
The great escape,Vudu,From $3.99
The great escape,Amazon Prime Video,From $3.99
All about eve,YouTube,From $3.99
All about eve,iTunes,From $3.99
All about eve,Google Play Movies & TV,From $3.99
All about eve,Vudu,From $3.99
All about eve,Amazon Prime Video,From $3.99
Pan's labyrinth,Netflix,Subscription
Pan's labyrinth,YouTube,From $3.99
Pan's labyrinth,Google Play Movies & TV,From $3.99
Pan's labyrinth,iTunes,From $3.99
Pan's labyrinth,Vudu,From $3.99
Pan's labyrinth,Amazon Prime Video,From $3.99
The wolf of wall street,Sling TV,Premium subscription
The wolf of wall street,Philo,Premium subscription
The wolf of wall street,YouTube,From $2.99
The wolf of wall street,Google Play Movies & TV,From $2.99
The wolf of wall street,Vudu,From $2.99
The wolf of wall street,Amazon Prime Video,From $2.99
The wolf of wall street,iTunes,From $3.99
The secret in their eyes,Netflix,Subscription
The secret in their eyes,iTunes,From $3.99
The secret in their eyes,Google Play Movies & TV,From $3.99
The secret in their eyes,Vudu,From $3.99
The secret in their eyes,Amazon Prime Video,From $3.99
The secret in their eyes,YouTube,From $9.99
"Lock, stock and two smoking barrels",YouTube,From $3.99
"Lock, stock and two smoking barrels",iTunes,From $3.99
"Lock, stock and two smoking barrels",Google Play Movies & TV,From $3.99
"Lock, stock and two smoking barrels",Vudu,From $3.99
"Lock, stock and two smoking barrels",Amazon Prime Video,From $3.99
My neighbor totoro,HBO Max,Subscription
My neighbor totoro,YouTube,From $11.99
My neighbor totoro,Google Play Movies & TV,From $11.99
My neighbor totoro,Vudu,$11.99
My neighbor totoro,Amazon Prime Video,From $11.99
Raging bull,Vudu,Free
Raging bull,Cinemax,Subscription
Raging bull,YouTube,From $3.99
Raging bull,iTunes,From $3.99
Raging bull,Google Play Movies & TV,From $3.99
Raging bull,Amazon Prime Video,From $3.99
There will be blood,Netflix,Subscription
There will be blood,YouTube,From $2.99
There will be blood,Google Play Movies & TV,From $2.99
There will be blood,Vudu,From $2.99
There will be blood,Amazon Prime Video,From $2.99
There will be blood,iTunes,From $3.99
The treasure of the sierra madre,HBO Max,Subscription
The treasure of the sierra madre,YouTube,From $2.99
The treasure of the sierra madre,Google Play Movies & TV,From $2.99
The treasure of the sierra madre,Vudu,From $2.99
The treasure of the sierra madre,Amazon Prime Video,From $2.99
The treasure of the sierra madre,iTunes,From $3.99
"Three billboards outside ebbing, missouri",YouTube,From $3.99
"Three billboards outside ebbing, missouri",Google Play Movies & TV,From $3.99
"Three billboards outside ebbing, missouri",Vudu,From $3.99
"Three billboards outside ebbing, missouri",Amazon Prime Video,From $3.99
Dial m for murder,Tubi,Free
Dial m for murder,YouTube,From $3.99
Dial m for murder,iTunes,From $3.99
Dial m for murder,Google Play Movies & TV,From $3.99
Dial m for murder,Vudu,From $3.99
Dial m for murder,Amazon Prime Video,From $3.99
Chinatown,Hulu,Premium subscription
Chinatown,Sling TV,Premium subscription
Chinatown,Starz,Subscription
Chinatown,Amazon Prime Video,Premium subscription
Chinatown,YouTube,From $2.99
Chinatown,Google Play Movies & TV,From $2.99
Chinatown,Vudu,From $2.99
Chinatown,iTunes,From $3.99
V for vendetta,Netflix,Subscription
V for vendetta,YouTube,From $3.99
V for vendetta,Vudu,From $3.99
V for vendetta,Google Play Movies & TV,From $3.99
V for vendetta,iTunes,From $3.99
V for vendetta,Amazon Prime Video,From $3.99
No country for old men,Hulu,Premium subscription
No country for old men,Starz,Subscription
No country for old men,Sling TV,Premium subscription
No country for old men,Amazon Prime Video,Premium subscription
No country for old men,YouTube,From $2.99
No country for old men,Google Play Movies & TV,From $2.99
No country for old men,iTunes,From $3.99
No country for old men,Vudu,From $3.99
Shutter island,Hulu,Premium subscription
Shutter island,Amazon Prime Video,Premium subscription
Shutter island,YouTube,From $2.99
Shutter island,Google Play Movies & TV,From $2.99
Shutter island,Vudu,From $2.99
Shutter island,iTunes,From $3.99
The seventh seal,HBO Max,Subscription
The seventh seal,YouTube,From $2.99
The seventh seal,Google Play Movies & TV,From $2.99
The seventh seal,Vudu,From $2.99
The seventh seal,Amazon Prime Video,From $2.99
The seventh seal,iTunes,From $3.99
Inside out,Disney+,Subscription
Inside out,Google Play Movies & TV,From $2.99
Inside out,iTunes,From $2.99
Inside out,Amazon Prime Video,From $2.99
Inside out,YouTube,From $3.99
Inside out,Vudu,From $3.99
Warrior,Hulu,Premium subscription
Warrior,Sling TV,Premium subscription
Warrior,Amazon Prime Video,Premium subscription
Warrior,YouTube,From $3.99
Warrior,iTunes,From $3.99
Warrior,Google Play Movies & TV,From $3.99
Warrior,Vudu,From $3.99
The elephant man,Pluto TV,Free
The elephant man,YouTube,From $2.99
The elephant man,Google Play Movies & TV,From $2.99
The elephant man,Vudu,From $2.99
The elephant man,Amazon Prime Video,From $2.99
The elephant man,iTunes,From $3.99
Trainspotting,Amazon Prime Video,Premium subscription
Trainspotting,iTunes,From $3.99
The sixth sense,Hulu,Premium subscription
The sixth sense,Sling TV,Premium subscription
The sixth sense,Amazon Prime Video,Premium subscription
The sixth sense,Showtime,Subscription
The sixth sense,iTunes,From $2.99
The sixth sense,Google Play Movies & TV,From $3.99
The sixth sense,Vudu,From $3.99
The sixth sense,YouTube,From $17.99
The sixth sense,ShowtimeAnytime,Subscription
The thing,Hulu,Premium subscription
The thing,Sling TV,Premium subscription
The thing,Starz,Subscription
The thing,Amazon Prime Video,Premium subscription
The thing,YouTube,From $3.99
The thing,iTunes,From $3.99
The thing,Google Play Movies & TV,From $3.99
The thing,Vudu,From $3.99
Jurassic park,Netflix,Subscription
Jurassic park,Sling TV,Premium subscription
Jurassic park,fuboTV,Premium subscription
Jurassic park,Philo,Premium subscription
Jurassic park,YouTube,From $3.99
Jurassic park,Vudu,From $3.99
Jurassic park,iTunes,From $3.99
Jurassic park,Google Play Movies & TV,From $3.99
Jurassic park,Amazon Prime Video,From $3.99
Jurassic park,AMC,Free with cable TV
Gone with the wind,HBO Max,Subscription
Gone with the wind,YouTube,From $3.99
Gone with the wind,iTunes,From $3.99
Gone with the wind,Vudu,From $3.99
Gone with the wind,Google Play Movies & TV,From $3.99
Gone with the wind,Amazon Prime Video,From $3.99
Wild strawberries,HBO Max,Subscription
Wild strawberries,iTunes,From $3.99
Wild strawberries,Amazon Prime Video,From $3.99
Blade runner,HBO Max,Subscription
Blade runner,Amazon Prime Video,From $2.99
Blade runner,YouTube,From $3.99
Blade runner,Vudu,From $3.99
Blade runner,iTunes,From $3.99
Blade runner,Google Play Movies & TV,From $3.99
Finding nemo,Disney+,Subscription
Finding nemo,iTunes,From $2.99
Finding nemo,Amazon Prime Video,From $2.99
Finding nemo,YouTube,From $3.99
Finding nemo,Google Play Movies & TV,From $3.99
Finding nemo,Vudu,From $3.99
The truman show,Hulu,Premium subscription
The truman show,Sling TV,Premium subscription
The truman show,Amazon Prime Video,Premium subscription
The truman show,YouTube,From $2.99
The truman show,Google Play Movies & TV,From $2.99
The truman show,Vudu,From $2.99
The truman show,iTunes,From $3.99
Room,Hulu,Premium subscription
Room,Sling TV,Premium subscription
Room,Amazon Prime Video,Premium subscription
Room,Vudu,From $2.99
Room,YouTube,From $3.99
Room,Google Play Movies & TV,From $3.99
Room,iTunes,From $3.99
The bridge on the river kwai,Vudu,From $1.99
The bridge on the river kwai,Amazon Prime Video,From $2.99
The bridge on the river kwai,YouTube,From $3.99
The bridge on the river kwai,iTunes,From $3.99
The bridge on the river kwai,Google Play Movies & TV,From $3.99
Stalker,YouTube,From $2.99
Stalker,Google Play Movies & TV,From $2.99
Stalker,Vudu,From $2.99
Stalker,Amazon Prime Video,From $2.99
Stalker,iTunes,From $3.99
Kill bill: vol,Hulu,Premium subscription
Kill bill: vol,HBO Max,Subscription
Kill bill: vol,Sling TV,Premium subscription
Kill bill: vol,YouTube,From $2.99
Kill bill: vol,Google Play Movies & TV,From $2.99
Kill bill: vol,Amazon Prime Video,From $2.99
Kill bill: vol,Vudu,From $3.99
Kill bill: vol,TNT,Free with cable TV
Kill bill: vol,TBS,Free with cable TV
Fargo,Hulu,Premium subscription
Fargo,YouTube,From $1.99
Fargo,iTunes,From $1.99
Fargo,Google Play Movies & TV,From $1.99
Fargo,Vudu,$1.99
Fargo,Amazon Prime Video,From $1.99
Tokyo story,HBO Max,Subscription
Tokyo story,YouTube,From $2.99
Tokyo story,Google Play Movies & TV,From $2.99
Tokyo story,Vudu,From $2.99
Tokyo story,Amazon Prime Video,From $2.99
Tokyo story,iTunes,From $3.99
The third man,YouTube,From $3.99
The third man,iTunes,From $3.99
The third man,Google Play Movies & TV,From $3.99
The third man,Vudu,From $3.99
The third man,Amazon Prime Video,From $3.99
On the waterfront,Vudu,From $1.99
On the waterfront,Amazon Prime Video,From $2.99
On the waterfront,YouTube,From $3.99
On the waterfront,iTunes,From $3.99
On the waterfront,Google Play Movies & TV,From $3.99
Gran torino,Cinemax,Subscription
Gran torino,Amazon Prime Video,From $2.99
Gran torino,YouTube,From $3.99
Gran torino,Vudu,From $3.99
Gran torino,iTunes,From $3.99
Gran torino,Google Play Movies & TV,From $3.99
Memories of murder,iTunes,From $3.99
The deer hunter,YouTube,From $3.99
The deer hunter,iTunes,From $3.99
The deer hunter,Vudu,From $3.99
The deer hunter,Google Play Movies & TV,From $3.99
The deer hunter,Amazon Prime Video,From $3.99
Wild tales,Amazon Prime Video,From $0.99
Wild tales,YouTube,From $3.99
Wild tales,Google Play Movies & TV,From $3.99
Wild tales,iTunes,From $3.99
Wild tales,Vudu,$13.99
Klaus,Netflix,Subscription
Andhadhun,Netflix,Subscription
Andhadhun,YouTube,From $3.99
Andhadhun,Google Play Movies & TV,From $3.99
Andhadhun,Amazon Prime Video,From $3.99
In the name of the father,YouTube,From $3.99
In the name of the father,iTunes,From $3.99
In the name of the father,Google Play Movies & TV,From $3.99
In the name of the father,Vudu,From $3.99
In the name of the father,Amazon Prime Video,From $3.99
Mary and max,Sling TV,Premium subscription
Mary and max,Amazon Prime Video,Premium subscription
Mary and max,YouTube,From $2.99
Mary and max,Google Play Movies & TV,From $2.99
Mary and max,iTunes,From $3.99
Gone girl,Hulu,Premium subscription
Gone girl,Sling TV,Premium subscription
Gone girl,YouTube,From $3.99
Gone girl,Vudu,From $3.99
Gone girl,Google Play Movies & TV,From $3.99
Gone girl,iTunes,From $3.99
Gone girl,Amazon Prime Video,From $3.99
Hacksaw ridge,YouTube,From $3.99
Hacksaw ridge,Google Play Movies & TV,From $3.99
Hacksaw ridge,Vudu,From $3.99
Hacksaw ridge,Amazon Prime Video,From $3.99
Hacksaw ridge,iTunes,From $14.99
The big lebowski,Cinemax,Subscription
The big lebowski,YouTube,From $3.99
The big lebowski,Vudu,From $3.99
The big lebowski,iTunes,From $3.99
The big lebowski,Google Play Movies & TV,From $3.99
The big lebowski,Amazon Prime Video,From $3.99
The grand budapest hotel,YouTube,From $3.99
The grand budapest hotel,Google Play Movies & TV,From $3.99
The grand budapest hotel,Vudu,From $3.99
The grand budapest hotel,Amazon Prime Video,From $3.99
The grand budapest hotel,iTunes,From $14.99
The bandit,YouTube,From $3.99
The bandit,iTunes,From $3.99
The bandit,Vudu,From $3.99
The bandit,Google Play Movies & TV,From $3.99
The bandit,Amazon Prime Video,From $3.99
Before sunrise,Hulu,Premium subscription
Before sunrise,HBO Max,Subscription
Before sunrise,Amazon Prime Video,Premium subscription
Before sunrise,YouTube,From $2.99
Before sunrise,Google Play Movies & TV,From $2.99
Before sunrise,iTunes,From $2.99
Before sunrise,Vudu,From $2.99
Before sunrise,HBO Go,Subscription
Catch me if you can,YouTube,From $2.99
Catch me if you can,Google Play Movies & TV,From $2.99
Catch me if you can,Vudu,From $2.99
Catch me if you can,Amazon Prime Video,From $2.99
Catch me if you can,iTunes,From $3.99
Ford v ferrari,HBO Max,Subscription
Ford v ferrari,Hulu,Premium subscription
Ford v ferrari,Vudu,From $5.99
Ford v ferrari,HBO Go,Subscription
How to train your dragon,Amazon Prime Video,Subscription
How to train your dragon,YouTube,From $3.99
How to train your dragon,Google Play Movies & TV,From $3.99
How to train your dragon,iTunes,From $3.99
How to train your dragon,Vudu,From $3.99
Prisoners,YouTube,From $2.99
Prisoners,Google Play Movies & TV,From $2.99
Prisoners,Vudu,From $2.99
Prisoners,Amazon Prime Video,From $2.99
Prisoners,iTunes,From $5.99
Sherlock jr,Amazon Prime Video,Premium subscription
Sherlock jr,YouTube,From $3.99
Sherlock jr,Google Play Movies & TV,From $3.99
Sherlock jr,Vudu,From $3.99
12 years a slave,YouTube,From $3.99
12 years a slave,Google Play Movies & TV,From $3.99
12 years a slave,Vudu,From $3.99
12 years a slave,iTunes,From $3.99
12 years a slave,Amazon Prime Video,From $3.99
Barry lyndon,Amazon Prime Video,From $2.99
Barry lyndon,YouTube,From $3.99
Barry lyndon,iTunes,From $3.99
Barry lyndon,Google Play Movies & TV,From $3.99
Barry lyndon,Vudu,From $3.99
Mad max: fury road,YouTube,From $3.99
Mad max: fury road,iTunes,From $3.99
Mad max: fury road,Google Play Movies & TV,From $3.99
Mad max: fury road,Vudu,From $3.99
Mad max: fury road,Amazon Prime Video,From $3.99
Network,Sling TV,Premium subscription
Network,YouTube,From $2.99
Network,Google Play Movies & TV,From $2.99
Network,Amazon Prime Video,From $2.99
Network,iTunes,From $3.99
Network,Vudu,From $3.99
Stand by me,Vudu,From $2.99
Stand by me,Amazon Prime Video,From $2.99
Stand by me,iTunes,From $3.99
Stand by me,YouTube,From $12.99
Stand by me,Google Play Movies & TV,From $12.99
Million dollar baby,Netflix,Subscription
Million dollar baby,Amazon Prime Video,From $2.99
Million dollar baby,YouTube,From $3.99
Million dollar baby,iTunes,From $3.99
Million dollar baby,Google Play Movies & TV,From $3.99
Million dollar baby,Vudu,From $3.99
Cool hand luke,HBO Max,Subscription
Cool hand luke,YouTube,From $3.99
Cool hand luke,Google Play Movies & TV,From $3.99
Cool hand luke,iTunes,From $3.99
Cool hand luke,Vudu,From $3.99
Cool hand luke,Amazon Prime Video,From $3.99
Ben-hur,YouTube,From $3.99
Ben-hur,Google Play Movies & TV,From $3.99
Ben-hur,iTunes,From $3.99
Ben-hur,Vudu,From $3.99
Ben-hur,Amazon Prime Video,From $3.99
Hachi: a dog's tale,Hulu,Premium subscription
Hachi: a dog's tale,Sling TV,Premium subscription
Hachi: a dog's tale,Starz,Subscription
Hachi: a dog's tale,Amazon Prime Video,Premium subscription
Hachi: a dog's tale,Vudu,From $2.99
Hachi: a dog's tale,YouTube,From $3.99
Hachi: a dog's tale,iTunes,From $3.99
Hachi: a dog's tale,Google Play Movies & TV,From $3.99
Into the wild,Hulu,Premium subscription
Into the wild,Starz,Subscription
Into the wild,Sling TV,Premium subscription
Into the wild,Amazon Prime Video,Premium subscription
Into the wild,YouTube,From $2.99
Into the wild,Vudu,From $2.99
Into the wild,Google Play Movies & TV,From $2.99
Into the wild,iTunes,From $3.99
The wages of fear,HBO Max,Subscription
The wages of fear,iTunes,From $3.99
The wages of fear,Amazon Prime Video,From $3.99
Dead poets society,Vudu,Free
Dead poets society,iTunes,From $2.99
Dead poets society,Amazon Prime Video,From $2.99
Dead poets society,Google Play Movies & TV,From $3.99
Dead poets society,YouTube,From $17.99
Platoon,YouTube,From $3.99
Platoon,iTunes,From $3.99
Platoon,Google Play Movies & TV,From $3.99
Platoon,Vudu,From $3.99
Platoon,Amazon Prime Video,From $3.99
Harry potter and the deathly hallows: part 2,Hulu,Premium subscription
Harry potter and the deathly hallows: part 2,HBO Max,Subscription
Harry potter and the deathly hallows: part 2,Sling TV,Premium subscription
Harry potter and the deathly hallows: part 2,fuboTV,Premium subscription
Harry potter and the deathly hallows: part 2,YouTube,From $3.99
Harry potter and the deathly hallows: part 2,Google Play Movies & TV,From $3.99
Harry potter and the deathly hallows: part 2,Vudu,From $3.99
Harry potter and the deathly hallows: part 2,Amazon Prime Video,From $3.99
Harry potter and the deathly hallows: part 2,iTunes,From $5.99
Monty python's life of brian,Netflix,Subscription
Monty python's life of brian,iTunes,From $3.99
Monty python's life of brian,Amazon Prime Video,From $3.99
Monty python's life of brian,YouTube,From $12.99
Monty python's life of brian,Google Play Movies & TV,From $12.99
Logan,YouTube,From $3.99
Logan,Google Play Movies & TV,From $3.99
Logan,Vudu,From $3.99
Logan,Amazon Prime Video,From $3.99
Logan,iTunes,From $14.99
The handmaiden,Amazon Prime Video,Subscription
The handmaiden,Vudu,$2.99
The handmaiden,iTunes,From $3.99
The passion of joan of arc,HBO Max,Subscription
The passion of joan of arc,Amazon Prime Video,Premium subscription
The 400 blows,HBO Max,Subscription
The 400 blows,YouTube,From $2.99
The 400 blows,Google Play Movies & TV,From $2.99
The 400 blows,Vudu,From $2.99
The 400 blows,iTunes,From $3.99
The 400 blows,Amazon Prime Video,From $3.99
Andrei rublev,Amazon Prime Video,From $0.99
Hotel rwanda,Amazon Prime Video,Subscription
Hotel rwanda,YouTube,From $3.99
Hotel rwanda,Google Play Movies & TV,From $3.99
Hotel rwanda,iTunes,From $3.99
Spotlight,Netflix,Subscription
Spotlight,YouTube,From $3.99
Spotlight,iTunes,From $3.99
Spotlight,Google Play Movies & TV,From $3.99
Spotlight,Vudu,From $3.99
Spotlight,Amazon Prime Video,From $3.99
Amores perros,Tubi,Free
Amores perros,Vudu,Free
Amores perros,Amazon Prime Video,Subscription
Amores perros,YouTube,From $3.99
Amores perros,Google Play Movies & TV,From $3.99
Amores perros,iTunes,From $3.99
Rang de basanti,Netflix,Subscription
Nausicaä of the valley of the wind,HBO Max,Subscription
Nausicaä of the valley of the wind,YouTube,From $11.99
Nausicaä of the valley of the wind,Google Play Movies & TV,From $11.99
Nausicaä of the valley of the wind,Vudu,$11.99
Nausicaä of the valley of the wind,Amazon Prime Video,From $11.99
Rocky,YouTube,From $3.99
Rocky,iTunes,From $3.99
Rocky,Google Play Movies & TV,From $3.99
Rocky,Vudu,From $3.99
Rocky,Amazon Prime Video,From $3.99
La haine,iTunes,From $3.99
La haine,Amazon Prime Video,From $3.99
"Monsters, inc",Disney+,Subscription
"Monsters, inc",iTunes,From $2.99
"Monsters, inc",Amazon Prime Video,From $2.99
"Monsters, inc",YouTube,From $3.99
"Monsters, inc",Google Play Movies & TV,From $3.99
"Monsters, inc",Vudu,From $3.99
Portrait of a lady on fire,Hulu,Premium subscription
Portrait of a lady on fire,YouTube,From $1.99
Portrait of a lady on fire,Google Play Movies & TV,From $1.99
Portrait of a lady on fire,Amazon Prime Video,From $1.99
Before sunset,Hulu,Premium subscription
Before sunset,HBO Max,Subscription
Before sunset,Amazon Prime Video,Premium subscription
Before sunset,YouTube,From $2.99
Before sunset,Google Play Movies & TV,From $2.99
Before sunset,Vudu,From $2.99
Before sunset,iTunes,From $3.99
Before sunset,HBO Go,Subscription
It happened one night,Vudu,From $0.99
It happened one night,Amazon Prime Video,From $2.99
It happened one night,YouTube,From $3.99
It happened one night,iTunes,From $3.99
It happened one night,Google Play Movies & TV,From $3.99
The circus,Hulu,Premium subscription
The circus,YouTube TV,Premium subscription
The circus,Amazon Prime Video,Premium subscription
The circus,Showtime,Subscription
The circus,YouTube,From $1.99
The circus,Google Play Movies & TV,From $1.99
The circus,Vudu,$1.99
The circus,ShowtimeAnytime,Subscription
In the mood for love,HBO Max,Subscription
"Paris, texas",HBO Max,Subscription
"Paris, texas",iTunes,From $3.99
"Paris, texas",Amazon Prime Video,From $3.99
Drishyam,Netflix,Subscription
Drishyam,YouTube,From $2.99
Drishyam,Google Play Movies & TV,From $2.99
Drishyam,Amazon Prime Video,From $2.99
Drishyam,iTunes,From $4.99
The invisible guest,Netflix,Subscription
The help,Netflix,Subscription
The help,iTunes,From $2.99
The help,Amazon Prime Video,From $2.99
The help,Google Play Movies & TV,From $3.99
The help,Vudu,From $3.99
The help,YouTube,From $17.99
The princess bride,Disney+,Subscription
The princess bride,Amazon Prime Video,From $3.99
The princess bride,YouTube,From $14.99
The princess bride,Vudu,From $14.99
The princess bride,iTunes,From $14.99
The terminator,Hulu,Premium subscription
The terminator,Amazon Prime Video,Subscription
The terminator,Showtime,Subscription
The terminator,YouTube,From $3.99
The terminator,Google Play Movies & TV,From $3.99
The terminator,iTunes,From $3.99
The terminator,Vudu,From $3.99
The terminator,ShowtimeAnytime,Subscription
The battle of algiers,HBO Max,Subscription
The battle of algiers,YouTube,From $2.99
The battle of algiers,Google Play Movies & TV,From $2.99
The battle of algiers,Amazon Prime Video,From $2.99
The battle of algiers,iTunes,From $3.99
A silent voice: the movie,Netflix,Subscription
A silent voice: the movie,Vudu,$9.99
A silent voice: the movie,Amazon Prime Video,From $9.99
Swades,Netflix,Subscription
Swades,YouTube,From $2.99
Swades,Google Play Movies & TV,From $2.99
Lagaan: once upon a time in india,Netflix,Subscription
Lagaan: once upon a time in india,Sling TV,Premium subscription
Throne of blood,HBO Max,Subscription
Throne of blood,iTunes,From $3.99
Throne of blood,Amazon Prime Video,From $3.99
