imdb_id,service_name
tt0111161,Google Play
tt0111161,Amazon Instant Video
tt0111161,iTunes
tt0111161,Hulu
tt0068646,Google Play
tt0068646,iTunes
tt0068646,Amazon Instant Video
tt0071562,Google Play
tt0071562,iTunes
tt0071562,Amazon Instant Video
tt0468569,iTunes
tt0468569,Amazon Instant Video
tt0468569,Hulu
tt0468569,HBO Max
tt0468569,FandangoMoviesIVAUS
tt0050083,iTunes
tt0050083,Google Play
tt0050083,Amazon Instant Video
tt0108052,Amazon Instant Video
tt0108052,iTunes
tt0108052,Netflix
tt0167260,HBO Max
tt0167260,iTunes
tt0167260,Google Play
tt0167260,Amazon Instant Video
tt0110912,FandangoMoviesIVAUS
tt0110912,Google Play
tt0110912,iTunes
tt0110912,Amazon Instant Video
tt0060196,FandangoMoviesIVAUS
tt0060196,iTunes
tt0060196,Amazon Instant Video
tt0060196,Google Play
tt0060196,Netflix
tt0120737,FandangoMoviesIVAUS
tt0120737,HBO Max
tt0120737,iTunes
tt0120737,Google Play
tt0120737,Amazon Instant Video
tt0137523,HBO Max
tt0137523,iTunes
tt0137523,Amazon Instant Video
tt0137523,Google Play
tt0109830,iTunes
tt0109830,Google Play
tt0109830,Amazon Instant Video
tt0109830,FandangoMoviesIVAUS
tt1375666,iTunes
tt1375666,Amazon Instant Video
tt1375666,Amazon Prime Video
tt1375666,FandangoMoviesIVAUS
tt0080684,FandangoMoviesIVAUS
tt0080684,iTunes
tt0080684,Amazon Instant Video
tt0080684,Disney+
tt0080684,Google Play
tt0167261,FandangoMoviesIVAUS
tt0167261,HBO Max
tt0167261,iTunes
tt0167261,Google Play
tt0167261,Amazon Instant Video
tt0133093,FandangoMoviesIVAUS
tt0133093,iTunes
tt0133093,Amazon Instant Video
tt0099685,iTunes
tt0099685,Amazon Instant Video
tt0073486,FandangoMoviesIVAUS
tt0073486,iTunes
tt0073486,Google Play
tt0073486,Amazon Instant Video
tt0047478,HBO Max
tt0047478,iTunes
tt0047478,Google Play
tt0047478,Amazon Instant Video
tt0114369,FandangoMoviesIVAUS
tt0114369,Google Play
tt0114369,Amazon Instant Video
tt0114369,iTunes
tt0118799,Google Play
tt0118799,iTunes
tt0118799,Amazon Instant Video
tt0118799,HBO Max
tt0317248,Google Play
tt0317248,iTunes
tt0317248,Amazon Instant Video
tt0102926,FandangoMoviesIVAUS
tt0102926,Netflix
tt0102926,iTunes
tt0102926,Amazon Instant Video
tt0102926,Google Play
tt0102926,Amazon Prime Video
tt0038650,FandangoMoviesIVAUS
tt0038650,iTunes
tt0038650,Google Play
tt0038650,Amazon Prime Video
tt0038650,Amazon Instant Video
tt0076759,iTunes
tt0076759,Amazon Instant Video
tt0076759,Disney+
tt0120815,FandangoMoviesIVAUS
tt0120815,HBO Max
tt0120815,Amazon Instant Video
tt0120815,iTunes
tt0120815,Google Play
tt0245429,Amazon Instant Video
tt0245429,iTunes
tt0245429,Google Play
tt0245429,HBO Max
tt0120689,Google Play
tt0120689,iTunes
tt0120689,Amazon Instant Video
tt6751668,Amazon Instant Video
tt6751668,iTunes
tt6751668,Hulu
tt0816692,FandangoMoviesIVAUS
tt0816692,iTunes
tt0816692,Google Play
tt0816692,Amazon Instant Video
tt8503618,Disney+
tt0110413,Google Play
tt0110413,Amazon Instant Video
tt0110413,iTunes
tt0114814,iTunes
tt0114814,Amazon Prime Video
tt0056058,iTunes
tt0056058,Amazon Instant Video
tt0110357,iTunes
tt0110357,Amazon Instant Video
tt0110357,Disney+
tt0088763,FandangoMoviesIVAUS
tt0088763,iTunes
tt0088763,Amazon Instant Video
tt0088763,Google Play
tt0253474,Google Play
tt0253474,Amazon Instant Video
tt0103064,iTunes
tt0103064,Google Play
tt0103064,Amazon Instant Video
tt0120586,Google Play
tt0120586,iTunes
tt0120586,Amazon Instant Video
tt0120586,HBO Max
tt0027977,HBO Max
tt0027977,Amazon Instant Video
tt0027977,iTunes
tt0054215,iTunes
tt0054215,Google Play
tt0054215,Amazon Instant Video
tt0054215,Peacock
tt0054215,FandangoMoviesIVAUS
tt0172495,Amazon Instant Video
tt0172495,Google Play
tt0172495,iTunes
tt0021749,Google Play
tt0021749,Amazon Instant Video
tt0021749,iTunes
tt0021749,HBO Max
tt0407887,iTunes
tt0407887,Google Play
tt0407887,Amazon Instant Video
tt0407887,HBO Max
tt0407887,FandangoMoviesIVAUS
tt2582802,FandangoMoviesIVAUS
tt2582802,Google Play
tt2582802,iTunes
tt2582802,Amazon Instant Video
tt0482571,Google Play
tt0482571,iTunes
tt0482571,Amazon Instant Video
tt0095327,iTunes
tt0095327,Hulu
tt0064116,HBO Max
tt0064116,iTunes
tt0064116,Amazon Instant Video
tt0064116,Google Play
tt0064116,Amazon Prime Video
tt0034583,iTunes
tt0034583,Google Play
tt0034583,Amazon Instant Video
tt0034583,HBO Max
tt0034583,FandangoMoviesIVAUS
tt0095765,HBO Max
tt0095765,iTunes
tt0095765,Amazon Instant Video
tt0047396,Peacock
tt0047396,Amazon Instant Video
tt0047396,Google Play
tt0047396,iTunes
tt0078748,HBO Max
tt0078748,Google Play
tt0078748,iTunes
tt0078748,Amazon Instant Video
tt0078788,iTunes
tt0078788,Google Play
tt0078788,Amazon Instant Video
tt0078788,HBO Max
tt0209144,Google Play
tt0209144,Amazon Instant Video
tt0209144,iTunes
tt0082971,FandangoMoviesIVAUS
tt0082971,Amazon Instant Video
tt0082971,Google Play
tt0082971,iTunes
tt0032553,Amazon Instant Video
tt0032553,HBO Max
tt7286456,iTunes
tt7286456,Amazon Instant Video
tt7286456,HBO Max
tt1853728,Netflix
tt1853728,Amazon Instant Video
tt1853728,iTunes
tt1853728,Google Play
tt0405094,Amazon Instant Video
tt0405094,Google Play
tt0405094,iTunes
tt0050825,iTunes
tt0050825,Google Play
tt0050825,Amazon Instant Video
tt0081505,FandangoMoviesIVAUS
tt0081505,iTunes
tt0081505,Amazon Instant Video
tt0081505,Google Play
tt0910970,iTunes
tt0910970,Amazon Instant Video
tt0910970,Google Play
tt0910970,Disney+
tt4154756,iTunes
tt4154756,Google Play
tt4154756,Amazon Instant Video
tt4154756,Disney+
tt0043014,iTunes
tt0043014,Amazon Instant Video
tt0043014,Google Play
tt0043014,Amazon Prime Video
tt0119698,Amazon Instant Video
tt0119698,Google Play
tt0119698,iTunes
tt0119698,HBO Max
tt0051201,iTunes
tt0051201,Google Play
tt0051201,Amazon Instant Video
tt0051201,Amazon Prime Video
tt4633694,FandangoMoviesIVAUS
tt4633694,Amazon Instant Video
tt4633694,iTunes
tt4633694,Netflix
tt0057012,iTunes
tt0057012,Google Play
tt0057012,Amazon Instant Video
tt1345836,FandangoMoviesIVAUS
tt1345836,iTunes
tt1345836,Amazon Instant Video
tt0087843,iTunes
tt0087843,Google Play
tt4154796,iTunes
tt4154796,Amazon Instant Video
tt4154796,Disney+
tt4154796,Google Play
tt0090605,Amazon Instant Video
tt0090605,Google Play
tt0090605,iTunes
tt0090605,HBO Max
tt2380307,iTunes
tt2380307,Google Play
tt2380307,Amazon Instant Video
tt2380307,Disney+
tt0169547,Google Play
tt0169547,Amazon Instant Video
tt0169547,iTunes
tt0112573,iTunes
tt0112573,Google Play
tt0112573,Amazon Instant Video
tt1187043,Netflix
tt1187043,Amazon Prime Video
tt0082096,Amazon Instant Video
tt0082096,iTunes
tt0082096,Google Play
tt0114709,iTunes
tt0114709,Amazon Instant Video
tt0114709,Google Play
tt0114709,Disney+
tt0057565,iTunes
tt0057565,Amazon Instant Video
tt0086879,iTunes
tt0086879,Google Play
tt0086879,Amazon Instant Video
tt0086190,iTunes
tt0086190,Amazon Instant Video
tt0086190,Disney+
tt0086190,Google Play
tt0361748,Amazon Instant Video
tt0361748,Google Play
tt0361748,iTunes
tt0105236,iTunes
tt0105236,Google Play
tt0105236,Amazon Instant Video
tt0105236,Peacock
tt0119217,FandangoMoviesIVAUS
tt0119217,HBO Max
tt0119217,Google Play
tt0119217,iTunes
tt0119217,Amazon Instant Video
tt0062622,HBO Max
tt0062622,FandangoMoviesIVAUS
tt0062622,iTunes
tt0062622,Amazon Instant Video
tt0180093,Google Play
tt0180093,iTunes
tt0180093,Amazon Instant Video
tt0180093,HBO Max
tt0052357,Peacock
tt0052357,FandangoMoviesIVAUS
tt0052357,iTunes
tt0052357,Google Play
tt0052357,Amazon Instant Video
tt0022100,iTunes
tt0022100,Amazon Instant Video
tt0022100,HBO Max
tt5074352,Netflix
tt8579674,Amazon Instant Video
tt8579674,iTunes
tt8579674,FandangoMoviesIVAUS
tt0338013,iTunes
tt0338013,Amazon Instant Video
tt0338013,Google Play
tt0338013,Netflix
tt2106476,Google Play
tt2106476,Amazon Instant Video
tt2106476,iTunes
tt0033467,iTunes
tt0033467,Google Play
tt0033467,Amazon Instant Video
tt0033467,HBO Max
tt0093058,HBO Max
tt0093058,Google Play
tt0093058,Amazon Instant Video
tt0093058,iTunes
tt0040522,HBO Max
tt0040522,Google Play
tt0040522,iTunes
tt0040522,Amazon Instant Video
tt0012349,Amazon Prime Video
tt0012349,Amazon Instant Video
tt0012349,HBO Max
tt0066921,iTunes
tt0066921,Google Play
tt0066921,Amazon Instant Video
tt0053125,iTunes
tt0053125,Google Play
tt0053125,Amazon Instant Video
tt0053125,HBO Max
tt0208092,iTunes
tt0208092,Amazon Instant Video
tt0208092,Google Play
tt0045152,iTunes
tt0045152,Google Play
tt0045152,Amazon Instant Video
tt0045152,HBO Max
tt0045152,FandangoMoviesIVAUS
tt0086250,iTunes
tt0086250,Amazon Instant Video
tt0075314,Netflix
tt0075314,Google Play
tt0075314,iTunes
tt0075314,Amazon Instant Video
tt0211915,HBO Max
tt0056172,Amazon Instant Video
tt0056172,Google Play
tt0056172,iTunes
tt0044741,iTunes
tt0044741,Google Play
tt0044741,Amazon Instant Video
tt0044741,HBO Max
tt0435761,Google Play
tt0435761,iTunes
tt0435761,Disney+
tt0435761,Amazon Instant Video
tt0070735,Peacock
tt0070735,iTunes
tt0070735,Google Play
tt0070735,Amazon Instant Video
tt0017136,Amazon Instant Video
tt0017136,Google Play
tt0017136,iTunes
tt1832382,iTunes
tt1832382,Amazon Instant Video
tt1832382,Google Play
tt0059578,Google Play
tt0059578,iTunes
tt0059578,Amazon Instant Video
tt0059578,Amazon Prime Video
tt1255953,Google Play
tt1255953,iTunes
tt1255953,Amazon Instant Video
tt0053604,iTunes
tt0053604,Google Play
tt0053604,Amazon Prime Video
tt0053604,Amazon Instant Video
tt0036775,iTunes
tt0036775,Google Play
tt0036775,Amazon Instant Video
tt0036775,Peacock
tt0056592,Amazon Prime Video
tt0056592,Amazon Instant Video
tt0056592,iTunes
tt0056592,Google Play
tt0097576,FandangoMoviesIVAUS
tt0097576,iTunes
tt0097576,Amazon Instant Video
tt0097576,Google Play
tt1049413,iTunes
tt1049413,Amazon Instant Video
tt1049413,Google Play
tt1049413,Disney+
tt0113277,Google Play
tt0113277,Amazon Instant Video
tt0113277,iTunes
tt0071853,Netflix
tt0071853,Google Play
tt0071853,Amazon Instant Video
tt0071853,iTunes
tt0095016,iTunes
tt0095016,Amazon Instant Video
tt0095016,HBO Max
tt0066763,Amazon Prime Video
tt0055630,iTunes
tt0055630,Amazon Instant Video
tt0055630,HBO Max
tt0372784,FandangoMoviesIVAUS
tt0372784,iTunes
tt0372784,Amazon Instant Video
tt0372784,Hulu
tt0372784,HBO Max
tt6966692,Amazon Instant Video
tt6966692,iTunes
tt0363163,iTunes
tt0363163,Amazon Prime Video
tt0363163,Amazon Instant Video
tt0118849,Google Play
tt0118849,iTunes
tt0118849,Amazon Instant Video
tt0105695,iTunes
tt0105695,Amazon Instant Video
tt0105695,FandangoMoviesIVAUS
tt0105695,HBO Max
tt0053291,iTunes
tt0053291,Google Play
tt0053291,Amazon Instant Video
tt0089881,iTunes
tt0089881,Google Play
tt0089881,Amazon Instant Video
tt0347149,HBO Max
tt0347149,iTunes
tt0347149,Amazon Instant Video
tt0347149,Google Play
tt0268978,iTunes
tt0268978,Google Play
tt0268978,Amazon Instant Video
tt0057115,iTunes
tt0057115,Google Play
tt0057115,Amazon Instant Video
tt0042192,iTunes
tt0042192,Google Play
tt0042192,Amazon Instant Video
tt0112641,iTunes
tt0112641,Hulu
tt0112641,Amazon Instant Video
tt0457430,FandangoMoviesIVAUS
tt0457430,iTunes
tt0457430,Amazon Instant Video
tt0457430,Netflix
tt0993846,iTunes
tt0993846,Google Play
tt0993846,Amazon Instant Video
tt1305806,iTunes
tt1305806,Amazon Instant Video
tt1305806,Google Play
tt0120735,iTunes
tt0120735,Google Play
tt0120735,Amazon Instant Video
tt0120735,Peacock
tt0096283,HBO Max
tt0096283,iTunes
tt0096283,Amazon Instant Video
tt0096283,Google Play
tt0081398,iTunes
tt0081398,Google Play
tt0081398,Amazon Instant Video
tt0469494,Netflix
tt0469494,Google Play
tt0469494,Amazon Instant Video
tt0469494,iTunes
tt0040897,iTunes
tt0040897,Google Play
tt0040897,Amazon Instant Video
tt0040897,HBO Max
tt5027774,Google Play
tt5027774,iTunes
tt5027774,Amazon Instant Video
tt0046912,iTunes
tt0046912,Amazon Instant Video
tt0046912,Google Play
tt0015864,HBO Max
tt0015864,Amazon Instant Video
tt0071315,iTunes
tt0071315,Google Play
tt0071315,Amazon Instant Video
tt0434409,iTunes
tt0434409,Google Play
tt0434409,Amazon Instant Video
tt0434409,Netflix
tt0477348,FandangoMoviesIVAUS
tt0477348,Google Play
tt0477348,iTunes
tt0477348,Amazon Instant Video
tt1130884,iTunes
tt1130884,Amazon Instant Video
tt1130884,Google Play
tt0050976,Google Play
tt0050976,Amazon Instant Video
tt0050976,iTunes
tt0050976,HBO Max
tt2096673,iTunes
tt2096673,Google Play
tt2096673,Amazon Instant Video
tt2096673,Disney+
tt2096673,FandangoMoviesIVAUS
tt1291584,iTunes
tt1291584,Amazon Instant Video
tt1291584,Amazon Prime Video
tt1291584,Hulu
tt1291584,Google Play
tt0080678,Google Play
tt0080678,Amazon Instant Video
tt0117951,iTunes
tt0117951,Amazon Instant Video
tt0117951,FandangoMoviesIVAUS
tt0167404,Google Play
tt0167404,Amazon Instant Video
tt0084787,FandangoMoviesIVAUS
tt0084787,iTunes
tt0084787,Google Play
tt0084787,Amazon Instant Video
tt0107290,FandangoMoviesIVAUS
tt0107290,iTunes
tt0107290,Amazon Instant Video
tt0107290,Netflix
tt0031381,iTunes
tt0031381,Google Play
tt0031381,Amazon Instant Video
tt0031381,HBO Max
tt0050986,iTunes
tt0050986,Amazon Instant Video
tt0050986,HBO Max
tt0083658,FandangoMoviesIVAUS
tt0083658,HBO Max
tt0083658,iTunes
tt0083658,Google Play
tt0083658,Amazon Instant Video
tt0266543,Google Play
tt0266543,iTunes
tt0266543,Amazon Instant Video
tt0266543,Disney+
tt0120382,Amazon Instant Video
tt0120382,Google Play
tt0120382,iTunes
tt3170832,iTunes
tt3170832,Google Play
tt3170832,Amazon Instant Video
tt0050212,Google Play
tt0050212,Amazon Instant Video
tt0050212,iTunes
tt0079944,iTunes
tt0079944,Google Play
tt0079944,Amazon Instant Video
tt0266697,Amazon Instant Video
tt0266697,Google Play
tt0266697,iTunes
tt0266697,HBO Max
tt0116282,iTunes
tt0116282,Google Play
tt0116282,Amazon Instant Video
tt0046438,iTunes
tt0046438,Google Play
tt0046438,Amazon Instant Video
tt0046438,HBO Max
tt0041959,iTunes
tt0041959,Amazon Instant Video
tt0041959,Google Play
tt0047296,Google Play
tt0047296,Amazon Instant Video
tt0047296,iTunes
tt1205489,Google Play
tt1205489,iTunes
tt1205489,Amazon Instant Video
tt0077416,Google Play
tt0077416,Amazon Instant Video
tt0077416,Peacock
tt3011894,Google Play
tt3011894,Amazon Instant Video
tt3011894,iTunes
tt4729430,Netflix
tt8108198,Netflix
tt8108198,iTunes
tt8108198,Google Play
tt8108198,Amazon Instant Video
tt0107207,Peacock
tt0107207,iTunes
tt0107207,Google Play
tt0107207,Amazon Instant Video
tt0978762,Amazon Instant Video
tt0978762,Google Play
tt0978762,iTunes
tt2267998,iTunes
tt2267998,Amazon Instant Video
tt2267998,Google Play
tt2119532,iTunes
tt2119532,Amazon Instant Video
tt2119532,Google Play
tt0118715,Peacock
tt0118715,iTunes
tt0118715,Amazon Instant Video
tt0118715,Google Play
tt0118715,FandangoMoviesIVAUS
tt2278388,FandangoMoviesIVAUS
tt2278388,iTunes
tt2278388,Amazon Instant Video
tt2278388,Google Play
tt0112471,iTunes
tt0112471,Google Play
tt0112471,Amazon Instant Video
tt0112471,HBO Max
tt0264464,Amazon Instant Video
tt0264464,Google Play
tt0264464,iTunes
tt0035446,HBO Max
tt0060827,Amazon Instant Video
tt0060827,iTunes
tt0060827,HBO Max
tt1950186,Amazon Instant Video
tt1950186,iTunes
tt1950186,HBO Max
tt0017925,Google Play
tt0017925,Amazon Prime Video
tt0017925,Amazon Instant Video
tt0892769,FandangoMoviesIVAUS
tt0892769,Amazon Instant Video
tt0892769,iTunes
tt0892769,Google Play
tt0892769,Amazon Prime Video
tt1392214,iTunes
tt1392214,Amazon Instant Video
tt1392214,Google Play
tt0015324,Google Play
tt0015324,iTunes
tt0015324,Amazon Instant Video
tt0356910,iTunes
tt0356910,Google Play
tt0356910,Amazon Instant Video
tt0356910,HBO Max
tt2024544,iTunes
tt2024544,Amazon Instant Video
tt2024544,Google Play
tt0072684,Google Play
tt0072684,iTunes
tt0072684,Amazon Instant Video
tt1392190,FandangoMoviesIVAUS
tt1392190,Google Play
tt1392190,Amazon Instant Video
tt1392190,iTunes
tt0074958,iTunes
tt0074958,Google Play
tt0074958,Amazon Instant Video
tt0092005,Google Play
tt0092005,iTunes
tt0092005,Amazon Instant Video
tt0405159,Netflix
tt0405159,Google Play
tt0405159,Amazon Instant Video
tt0405159,iTunes
tt0061512,iTunes
tt0061512,Google Play
tt0061512,Amazon Instant Video
tt0061512,HBO Max
tt0052618,iTunes
tt0052618,Google Play
tt0052618,Amazon Instant Video
tt0052618,FandangoMoviesIVAUS
tt1028532,iTunes
tt1028532,Amazon Instant Video
tt1028532,Google Play
tt0758758,iTunes
tt0758758,Amazon Instant Video
tt0046268,Amazon Instant Video
tt0046268,iTunes
tt0046268,HBO Max
tt0097165,iTunes
tt0097165,Google Play
tt0097165,Amazon Instant Video
tt0091763,Amazon Instant Video
tt0091763,Google Play
tt0091763,iTunes
tt1201607,FandangoMoviesIVAUS
tt1201607,HBO Max
tt1201607,iTunes
tt1201607,Amazon Instant Video
tt0079470,Google Play
tt0079470,Amazon Instant Video
tt0079470,iTunes
tt0079470,Netflix
tt3315342,iTunes
tt3315342,Amazon Instant Video
tt1979320,iTunes
tt1979320,Google Play
tt1979320,Amazon Instant Video
tt4016934,Amazon Prime Video
tt0019254,HBO Max
tt0019254,Amazon Instant Video
tt0053198,Google Play
tt0053198,Amazon Instant Video
tt0053198,iTunes
tt0053198,HBO Max
tt0060107,iTunes
tt0060107,Amazon Instant Video
tt0395169,Amazon Instant Video
tt0395169,Google Play
tt0395169,iTunes
tt0395169,Amazon Prime Video
tt1895587,iTunes
tt1895587,Amazon Instant Video
tt1895587,Google Play
tt1895587,Netflix
tt0245712,Google Play
tt0245712,iTunes
tt0245712,Amazon Instant Video
tt0245712,Amazon Prime Video
tt0087544,iTunes
tt0087544,Amazon Instant Video
tt0087544,Google Play
tt0087544,HBO Max
tt0075148,FandangoMoviesIVAUS
tt0075148,iTunes
tt0075148,Google Play
tt0075148,Amazon Instant Video
tt0113247,iTunes
tt0113247,Amazon Instant Video
tt1954470,iTunes
tt1954470,Google Play
tt1954470,Amazon Instant Video
tt0198781,iTunes
tt0198781,Google Play
tt0198781,Amazon Instant Video
tt0198781,Disney+
tt8613070,iTunes
tt8613070,Google Play
tt8613070,Hulu
tt8613070,AtomTicketsIVAUS
tt0381681,HBO Max
tt0381681,Google Play
tt0381681,Amazon Instant Video
tt0381681,iTunes
tt0025316,Google Play
tt0025316,Amazon Instant Video
tt0025316,iTunes
tt0018773,Amazon Instant Video
tt0018773,HBO Max
tt0118694,HBO Max
tt0087884,Amazon Instant Video
tt0087884,iTunes
tt0087884,HBO Max
tt4430212,Netflix
tt4430212,iTunes
tt4430212,Amazon Instant Video
tt4430212,Google Play
tt4857264,Netflix
tt1454029,iTunes
tt1454029,Google Play
tt1454029,Amazon Instant Video
tt1454029,Netflix
tt0093779,iTunes
tt0093779,Disney+
tt0093779,Amazon Instant Video
tt0088247,Google Play
tt0088247,Amazon Instant Video
tt0088247,iTunes
tt0088247,Amazon Prime Video
tt0088247,FandangoMoviesIVAUS
tt0058946,HBO Max
tt0058946,Amazon Instant Video
tt0058946,Google Play
tt0058946,iTunes
tt5323662,Netflix
tt5323662,iTunes
tt5323662,Amazon Instant Video
tt0367110,iTunes
tt0367110,Google Play
tt0050613,iTunes
tt0050613,Amazon Instant Video
tt0050613,HBO Max
